Size of plot(x),Vx,log(Vx),Y=log(Vx) -log(V1),X=log(x)
1,5577.88,8.62656,0,0
2,4427.18,8.39552,-0.231045,0.6931472
3,3733.36,8.22506,-0.401499,1.0986123
5,2213.82,7.70248,-0.924087,1.6094379
5,3066.42,8.02826,-0.598299,1.6094379
6,3316.61,8.1067,-0.519865,1.7917595
10,2003.03,7.60242,-1.024146,2.3025851
15,2268.41,7.72683,-0.899731,2.7080502
25,1468.24,7.29182,-1.334744,3.2188758
V1 = 5577.88,log(V1) = 8.62656,,,
